{
  "name": "Third MFD in FA26",
  "description": "Adds 3rd mfd to the FA-26 and a jettison knob. There is also a minor cockpit rework to accomodate the mfd",
  "dll_file": "3rdMFD.dll",
  "last_edit": 637631157248295798,
  "pub_id": "4cxjh2oz",
  "json_version": "",
  "version": "1.1.0",
  "tagline": "Hornet Vibes",
  "repository": "https://github.com/LSantos2003/Third-MFD-Mod-for-VTOL-VR.git",
  "is_public": true,
  "unlisted": false,
  "preview_image": "preview.png",
  "web_preview_image": "web_preview.png",
  "dependencies": [],
  "mod_dependencies": null,
  "ContentType": 1
}